{
    "loss": 12.34428596496582,
    "accuracy": 0.5467625856399536
}