Model,Accuracy,Precision,Recall,F1 Score
inception_resnet_v2,0.9995983935742971,0.9996565934065934,0.9990706319702602,0.9993626293459271
